id,face_id,gender,age,firstname,lastname,height,department,birth_date,expiry_date
1,'0001',Male,52.0,Dallas,Pischke,1.84,Accounting,'28-04-2018','23-08-2034'
2,'0002',Female,65.0,Marlene,Scott,1.92,Law & Politics,'09-01-2005','22-07-2031'
3,'0003',Male,55.0,Gary,Petersen,1.81,Computer Science,'19-11-2015','09-03-2038'
4,'0004',Female,57.0,Kathy,Smith,1.73,Foreign Languages,'08-01-2013','02-11-2030'
5,'0005',Female,54.0,Bridget,Spillman,2.03,Software Engineering,'11-06-2016','12-04-2037'
6,'0006',Female,91.0,Pamela,Denny,1.95,Software Engineering,'06-11-1979','16-10-2035'
7,'0007',Female,80.0,Susan,Mccoy,2.03,Community Management,'24-11-1990','23-06-2033'
8,'0008',Male,84.0,Raymond,Konecny,2.08,Business Administration,'21-02-1986','16-03-2034'
9,'0009',Male,75.0,Robert,Doyle,1.98,Electrical Engineering,'26-05-1995','11-10-2033'
10,'0010',Female,106.0,Luisa,Collins,1.99,Local Languages,'20-02-1964','19-05-2030'
11,'0011',Female,68.0,Mary,Griffin,2.02,Foreign Languages,'06-10-2002','08-06-2032'
12,'0012',Female,55.0,Darlene,Howard,1.93,Law & Politics,'08-04-2015','15-08-2037'
13,'0013',Female,74.0,Alice,Hansen,1.91,Computer Science,'28-02-1996','22-07-2037'
14,'0014',Male,63.0,Matthew,Fitzgerald,1.63,Business Administration,'24-07-2007','10-12-2036'
15,'0015',Male,71.0,Lupe,Kilpatrick,1.84,Law & Politics,'26-03-1999','13-09-2035'
16,'0016',Male,53.0,Ron,Estrada,2.08,Software Engineering,'18-03-2017','25-01-2033'
17,'0017',Male,70.0,Martin,Odom,2.08,Accounting,'21-06-2000','16-09-2040'
18,'0018',Female,88.0,Patricia,Griego,1.74,Business Administration,'15-05-1982','06-11-2037'
19,'0019',Female,65.0,Evelyn,Quade,1.98,Business Administration,'21-05-2005','05-01-2039'
20,'0020',Female,95.0,Angela,Foster,1.72,Law & Politics,'10-07-1975','20-05-2039'
21,'0021',Female,70.0,Beatrice,Cantu,1.61,Local Languages,'01-08-2000','12-09-2030'
22,'0022',Female,70.0,Amy,Lara,1.99,Law & Politics,'25-04-2000','03-06-2039'
23,'0023',Male,82.0,William,Harden,1.78,Accounting,'12-03-1988','21-11-2036'
24,'0024',Female,71.0,Elaine,Toland,1.79,Community Management,'15-11-1999','13-03-2038'
25,'0025',Female,73.0,Rhonda,Banks,1.84,Local Languages,'23-05-1997','11-10-2031'
26,'0026',Male,52.0,Justin,Maurer,2.08,Foreign Languages,'11-04-2018','18-10-2040'
27,'0027',Male,66.0,Lorenzo,Flores,1.95,Software Engineering,'04-06-2004','15-01-2032'
28,'0028',Female,99.0,Wanda,Smith,2.04,Electrical Engineering,'17-04-1971','02-07-2039'
29,'0029',Male,55.0,Dale,Winslow,1.64,Foreign Languages,'09-01-2015','02-11-2034'
30,'0030',Male,69.0,Paul,Ciprian,1.87,Business Administration,'22-03-2001','22-04-2033'
31,'0031',Female,57.0,Jessie,Snethen,1.89,Local Languages,'08-10-2013','13-05-2038'
32,'0032',Female,87.0,Ashley,Gluck,1.69,Local Languages,'01-07-1983','24-12-2031'
33,'0033',Female,81.0,Kelly,Wiser,1.82,Foreign Languages,'14-07-1989','11-03-2035'
34,'0034',Female,61.0,Donna,Robles,1.99,Accounting,'12-08-2009','03-11-2039'
35,'0035',Female,76.0,Ramona,Cheesman,1.6,Community Management,'06-09-1994','11-05-2037'
36,'0036',Female,68.0,Melissa,White,1.9,Accounting,'16-07-2002','16-06-2038'
37,'0037',Male,91.0,Mario,Ortiz,2.1,Foreign Languages,'17-01-1979','28-06-2041'
38,'0038',Female,79.0,Maryland,Goods,1.87,Computer Science,'12-05-1991','11-09-2037'
39,'0039',Female,81.0,Anne,Shannon,1.89,Electrical Engineering,'26-02-1989','19-10-2034'
40,'0040',Male,56.0,John,Davidson,1.89,Local Languages,'25-12-2014','05-08-2034'
41,'0041',Female,62.0,Brandy,Madden,1.65,Foreign Languages,'05-11-2008','19-12-2039'
42,'0042',Female,57.0,Joyce,Hoggatt,1.6,Software Engineering,'27-07-2013','07-08-2039'
43,'0043',Female,57.0,Jennifer,Moody,1.89,Community Management,'27-05-2013','14-08-2030'
44,'0044',Female,66.0,Laurel,Aberle,1.69,Business Administration,'28-08-2004','02-05-2033'
45,'0045',Female,70.0,Nell,Husk,1.6,Software Engineering,'14-02-2000','02-03-2040'
46,'0046',Male,53.0,Bobby,Smalley,1.93,Software Engineering,'27-03-2017','06-08-2040'
47,'0047',Male,52.0,Michael,Ashby,2.04,Business Administration,'14-07-2018','09-01-2031'
48,'0048',Male,65.0,Randolph,Sanders,1.75,Electrical Engineering,'19-08-2005','14-10-2041'
49,'0049',Female,103.0,Mallory,Douglas,1.56,Electrical Engineering,'26-07-1967','19-02-2032'
50,'0050',Female,86.0,Patricia,Artis,1.99,Electrical Engineering,'13-09-1984','11-05-2034'
51,'0051',Female,52.0,Ruth,Sanderson,1.61,Law & Politics,'19-10-2018','27-06-2037'
52,'0052',Female,55.0,Mary,Blando,1.61,Accounting,'23-11-2015','17-01-2039'
53,'0053',Female,67.0,Sarah,Barker,1.86,Business Administration,'14-11-2003','12-06-2041'
54,'0054',Male,65.0,Roger,Jones,2.03,Local Languages,'01-01-2005','25-12-2033'
55,'0055',Female,80.0,Karen,Cooper,1.98,Electrical Engineering,'08-06-1990','23-11-2032'
56,'0056',Male,55.0,William,Burns,1.84,Electrical Engineering,'27-07-2015','19-02-2036'
57,'0057',Female,52.0,Shanta,Sheroan,1.68,Foreign Languages,'13-01-2018','13-05-2037'
58,'0058',Male,69.0,Mark,Godbey,1.98,Law & Politics,'05-12-2001','27-12-2038'
59,'0059',Male,52.0,Richard,King,2.02,Accounting,'10-06-2018','16-09-2041'
60,'0060',Female,52.0,Arlene,Hendrie,2.0,Local Languages,'10-03-2018','18-04-2037'
61,'0061',Female,78.0,Julia,Zuniga,1.58,Foreign Languages,'21-06-1992','17-10-2036'
62,'0062',Female,70.0,Lenore,Wilson,1.67,Community Management,'04-11-2000','01-05-2037'
63,'0063',Male,73.0,Andrew,Bottone,1.82,Local Languages,'10-06-1997','13-04-2030'
64,'0064',Male,86.0,Charles,Nava,1.79,Software Engineering,'02-11-1984','18-05-2031'
65,'0065',Male,81.0,Lucio,Turpin,2.06,Local Languages,'24-03-1989','02-08-2031'
66,'0066',Male,63.0,Martin,Hand,1.64,Foreign Languages,'20-07-2007','12-01-2039'
67,'0067',Female,96.0,Janice,Butcher,1.8,Electrical Engineering,'27-02-1974','02-11-2041'
68,'0068',Male,65.0,Richard,Deere,1.89,Business Administration,'08-12-2005','21-03-2031'
69,'0069',Male,90.0,Richard,Mclellan,1.7,Computer Science,'15-06-1980','07-07-2037'
70,'0070',Female,66.0,Tracy,Lynch,1.73,Accounting,'28-07-2004','17-08-2031'
71,'0071',Male,59.0,Christopher,Schulte,1.75,Foreign Languages,'17-10-2011','16-03-2039'
72,'0072',Female,93.0,Jean,Baird,1.71,Computer Science,'16-01-1977','22-08-2030'
73,'0073',Female,57.0,Susan,Perkins,1.81,Local Languages,'09-12-2013','21-02-2032'
74,'0074',Female,65.0,Beatrice,Alexander,1.59,Foreign Languages,'08-11-2005','22-05-2038'
75,'0075',Female,52.0,Elizabeth,Barros,1.99,Foreign Languages,'12-12-2018','17-05-2031'
76,'0076',Female,78.0,Mary,Celestin,1.77,Accounting,'05-03-1992','16-09-2040'
77,'0077',Male,74.0,David,Herauf,1.66,Community Management,'14-08-1996','15-06-2037'
78,'0078',Female,80.0,Natasha,Riley,1.72,Community Management,'17-05-1990','04-01-2032'
79,'0079',Female,72.0,Betty,Dubuque,2.01,Foreign Languages,'06-04-1998','15-03-2038'
80,'0080',Female,64.0,Mildred,Wilson,1.69,Electrical Engineering,'25-01-2006','20-11-2033'
81,'0081',Male,69.0,Richard,Melton,1.97,Community Management,'21-06-2001','22-09-2033'
82,'0082',Female,70.0,Cherie,Adams,1.59,Accounting,'12-02-2000','07-06-2037'
83,'0083',Female,66.0,Jean,Collett,1.87,Computer Science,'16-07-2004','20-03-2030'
84,'0084',Female,69.0,Marie,Graham,1.65,Community Management,'09-11-2001','05-02-2037'
85,'0085',Male,78.0,Lewis,Kinney,1.9,Local Languages,'23-07-1992','02-03-2032'
86,'0086',Female,81.0,Ruby,Mullen,1.74,Electrical Engineering,'25-06-1989','03-12-2031'
87,'0087',Female,58.0,Diamond,Baird,1.65,Electrical Engineering,'14-06-2012','12-11-2031'
88,'0088',Female,63.0,Tamela,Hudson,1.99,Local Languages,'24-08-2007','17-11-2031'
89,'0089',Female,79.0,Rebecca,Allen,1.99,Software Engineering,'13-01-1991','08-09-2035'
90,'0090',Female,74.0,Kelsey,Hull,1.77,Local Languages,'13-04-1996','08-05-2030'
91,'0091',Female,94.0,Jane,Roberts,1.63,Foreign Languages,'03-02-1976','12-10-2037'
92,'0092',Male,66.0,Clarence,Horning,2.01,Electrical Engineering,'25-02-2004','04-06-2035'
93,'0093',Female,80.0,Latasha,Andreas,2.0,Electrical Engineering,'02-08-1990','05-04-2039'
94,'0094',Female,60.0,Amanda,Thompson,2.1,Local Languages,'14-04-2010','05-07-2038'
95,'0095',Female,61.0,Maria,Blunt,1.77,Foreign Languages,'20-12-2009','17-06-2032'
96,'0096',Female,68.0,Leona,Mary,1.91,Accounting,'08-09-2002','11-02-2039'
97,'0097',Female,81.0,Angela,Henricks,2.07,Local Languages,'09-03-1989','19-12-2036'
98,'0098',Female,68.0,Maricela,Rosales,1.95,Computer Science,'09-03-2002','05-02-2032'
99,'0099',Female,95.0,Angela,Weishaupt,1.58,Electrical Engineering,'06-12-1975','18-05-2035'
100,'0100',Male,74.0,Paul,Mandich,1.72,Community Management,'15-01-1996','23-10-2037'
101,'0101',Female,84.0,Anna,Palmour,2.01,Computer Science,'06-04-1986','01-12-2033'
102,'0102',Female,61.0,Emily,Kositzke,1.57,Business Administration,'11-10-2009','15-01-2033'
103,'0103',Female,64.0,Frances,Johnson,1.6,Electrical Engineering,'19-11-2006','15-08-2033'
104,'0104',Female,74.0,Susan,Hamer,1.89,Software Engineering,'03-06-1996','02-08-2036'
105,'0105',Male,74.0,Frank,Sledge,2.08,Local Languages,'17-09-1996','26-10-2038'
106,'0106',Male,89.0,Jon,Dillon,1.56,Accounting,'25-10-1981','01-02-2037'
107,'0107',Female,59.0,Janae,Muller,1.62,Community Management,'14-06-2011','28-04-2032'
108,'0108',Female,67.0,Mary,Wilhelmsen,1.68,Computer Science,'11-12-2003','17-07-2034'
109,'0109',Male,55.0,Craig,Macina,1.98,Foreign Languages,'16-02-2015','27-05-2041'
110,'0110',Female,70.0,Viola,Hendrickson,1.78,Community Management,'23-12-2000','12-04-2038'
111,'0111',Female,73.0,Jessica,Renfro,2.07,Law & Politics,'20-04-1997','13-01-2038'
112,'0112',Female,95.0,Eva,Delacruz,2.08,Foreign Languages,'05-02-1975','10-12-2030'
113,'0113',Female,74.0,Leanna,Patterson,1.71,Software Engineering,'06-09-1996','11-10-2032'
114,'0114',Female,52.0,Natalie,Pyles,1.89,Community Management,'14-01-2018','02-03-2038'
115,'0115',Female,58.0,Virginia,Chittum,1.75,Community Management,'15-01-2012','01-11-2030'
116,'0116',Female,71.0,Paula,Williams,1.68,Electrical Engineering,'17-03-1999','12-08-2032'
117,'0117',Female,69.0,Nikki,Cheeseman,1.91,Business Administration,'06-02-2001','03-10-2033'
118,'0118',Male,66.0,Ronald,Daly,1.85,Law & Politics,'10-06-2004','01-11-2036'
119,'0119',Male,58.0,Frederick,Lovell,1.68,Software Engineering,'04-01-2012','04-01-2038'
120,'0120',Female,86.0,Tammy,Edwards,1.92,Law & Politics,'03-10-1984','25-05-2034'
121,'0121',Female,78.0,Daisy,Thornton,1.71,Community Management,'04-01-1992','11-05-2035'
122,'0122',Male,55.0,Joseph,Speer,2.09,Business Administration,'11-09-2015','15-05-2041'
123,'0123',Female,68.0,Lorri,Brooks,1.69,Accounting,'19-02-2002','26-09-2031'
124,'0124',Female,60.0,Jill,Mateus,1.77,Community Management,'11-09-2010','19-01-2036'
125,'0125',Female,61.0,Anika,Mitchell,1.68,Electrical Engineering,'22-04-2009','12-01-2038'
126,'0126',Female,66.0,Ashley,Jones,1.6,Business Administration,'09-09-2004','07-01-2030'
127,'0127',Female,77.0,Regina,Boham,2.0,Business Administration,'24-04-1993','23-10-2036'
128,'0128',Female,75.0,Lisa,Solian,1.83,Foreign Languages,'24-06-1995','22-08-2038'
129,'0129',Female,84.0,Rhea,Thrasher,2.02,Software Engineering,'16-10-1986','26-08-2031'
130,'0130',Female,71.0,Darla,Zeman,1.95,Local Languages,'07-02-1999','05-01-2040'
131,'0131',Female,67.0,Viola,Patterson,2.07,Foreign Languages,'02-07-2003','18-12-2040'
132,'0132',Female,64.0,Diana,Pooler,1.74,Software Engineering,'09-10-2006','05-05-2033'
133,'0133',Female,82.0,Mika,Joshi,1.59,Business Administration,'06-01-1988','11-06-2030'
134,'0134',Female,75.0,Dawn,Williams,1.88,Electrical Engineering,'04-12-1995','01-11-2036'
135,'0135',Male,57.0,Mario,Kaster,2.03,Software Engineering,'21-01-2013','19-05-2039'
136,'0136',Female,55.0,Martha,Daniel,2.1,Business Administration,'20-09-2015','25-12-2038'
137,'0137',Female,76.0,Junie,Gordon,1.63,Business Administration,'02-02-1994','13-02-2030'
138,'0138',Male,56.0,John,Bethea,2.1,Software Engineering,'17-04-2014','01-04-2033'
139,'0139',Female,54.0,Angela,Simmons,1.98,Accounting,'18-09-2016','05-03-2040'
140,'0140',Male,86.0,Henry,Hudson,1.68,Software Engineering,'07-06-1984','26-05-2036'
141,'0141',Female,90.0,Bonnie,Power,1.65,Electrical Engineering,'06-04-1980','26-02-2040'
142,'0142',Male,52.0,Joseph,Parker,2.05,Law & Politics,'28-01-2018','20-04-2033'
143,'0143',Female,82.0,Elisabeth,Tinnin,2.06,Foreign Languages,'07-11-1988','25-07-2032'
144,'0144',Female,85.0,Ann,Hasbrouck,2.04,Accounting,'07-08-1985','17-01-2036'
145,'0145',Female,89.0,Geraldine,Jeffery,1.91,Community Management,'14-02-1981','20-02-2036'
146,'0146',Female,69.0,Viola,Posada,1.77,Electrical Engineering,'12-01-2001','16-02-2040'
147,'0147',Female,62.0,Susan,Bowman,1.57,Electrical Engineering,'20-06-2008','20-10-2041'
148,'0148',Female,74.0,Valentina,Dewitt,1.62,Software Engineering,'12-06-1996','20-01-2040'
149,'0149',Female,55.0,Jessica,Miller,1.79,Computer Science,'11-01-2015','16-09-2038'
150,'0150',Male,53.0,John,Christensen,2.03,Software Engineering,'13-06-2017','18-05-2032'
151,'0151',Female,52.0,Jane,Rasmussen,1.85,Business Administration,'09-06-2018','25-11-2032'
152,'0152',Female,67.0,Bonita,Fischer,2.06,Local Languages,'10-07-2003','13-05-2041'
153,'0153',Female,59.0,Eva,Bray,1.85,Business Administration,'22-08-2011','11-06-2038'
154,'0154',Female,79.0,Jo,Malady,1.83,Foreign Languages,'02-08-1991','16-08-2036'
155,'0155',Male,52.0,Daniel,Inman,1.91,Law & Politics,'05-12-2018','03-10-2038'
156,'0156',Female,81.0,Mary,Blackmon,2.01,Local Languages,'16-11-1989','03-04-2040'
157,'0157',Female,54.0,Frances,Atherton,1.72,Law & Politics,'16-12-2016','22-06-2034'
158,'0158',Female,94.0,Maureen,Swafford,1.66,Software Engineering,'15-01-1976','17-03-2032'
159,'0159',Male,76.0,Joshua,Funk,1.63,Local Languages,'27-03-1994','18-10-2040'
160,'0160',Female,77.0,Patrice,Hance,1.6,Foreign Languages,'16-11-1993','26-05-2036'
161,'0161',Male,62.0,Victor,Morgan,1.98,Foreign Languages,'21-05-2008','24-04-2040'
162,'0162',Female,95.0,Antoinette,Grondin,1.58,Foreign Languages,'07-10-1975','22-07-2030'
163,'0163',Female,84.0,Christina,Silvas,1.9,Computer Science,'02-10-1986','27-08-2033'
164,'0164',Female,55.0,Mona,Monroe,1.95,Business Administration,'28-02-2015','09-01-2033'
165,'0165',Female,83.0,Patricia,Bravo,2.06,Business Administration,'02-02-1987','21-03-2033'
166,'0166',Female,83.0,Virginia,Slade,1.96,Business Administration,'28-05-1987','19-07-2038'
167,'0167',Male,83.0,Steven,Zohn,1.93,Law & Politics,'22-12-1987','20-03-2036'
168,'0168',Female,87.0,Luisa,Mcclain,2.01,Law & Politics,'15-12-1983','19-07-2033'
169,'0169',Female,99.0,Julie,Schenkel,1.6,Computer Science,'03-05-1971','21-08-2037'
170,'0170',Male,53.0,Vernon,Schuetze,1.67,Electrical Engineering,'19-02-2017','02-01-2041'
171,'0171',Male,76.0,Gregory,Taylor,2.03,Software Engineering,'17-04-1994','03-03-2041'
172,'0172',Female,73.0,Diane,Gjertsen,1.9,Computer Science,'27-11-1997','06-08-2035'
173,'0173',Female,61.0,Adrianne,Sawyer,1.99,Local Languages,'19-09-2009','23-11-2033'
174,'0174',Female,65.0,Wilma,Wright,1.94,Local Languages,'22-11-2005','28-03-2030'
175,'0175',Male,62.0,Michael,Hornback,2.07,Software Engineering,'04-05-2008','12-07-2033'
176,'0176',Female,90.0,Susan,Daniels,1.63,Business Administration,'15-08-1980','13-10-2036'
177,'0177',Female,61.0,Alicia,Hughes,2.01,Foreign Languages,'09-12-2009','15-09-2036'
178,'0178',Female,78.0,Ivonne,Bonebright,1.63,Local Languages,'18-01-1992','01-10-2033'
179,'0179',Male,88.0,David,Koch,1.97,Business Administration,'09-07-1982','05-09-2040'
180,'0180',Female,76.0,Maria,Miller,1.77,Law & Politics,'02-02-1994','06-08-2032'
181,'0181',Male,56.0,Charles,Agin,1.96,Software Engineering,'13-09-2014','07-01-2039'
182,'0182',Female,80.0,Agnes,Terry,1.74,Business Administration,'26-02-1990','27-06-2033'
183,'0183',Female,93.0,Ruth,Carballo,1.71,Law & Politics,'08-07-1977','03-11-2036'
184,'0184',Male,84.0,William,Wixon,1.84,Electrical Engineering,'19-11-1986','28-04-2039'
185,'0185',Female,52.0,Theresa,Papineau,2.02,Community Management,'02-05-2018','12-05-2032'
186,'0186',Male,76.0,Brian,Whiteley,1.66,Accounting,'25-11-1994','01-09-2035'
187,'0187',Male,54.0,Leonard,Wilson,1.95,Local Languages,'22-03-2016','28-10-2040'
188,'0188',Female,89.0,Shelby,Jenkins,1.91,Local Languages,'25-12-1981','03-09-2038'
189,'0189',Female,52.0,Harriet,Cabading,1.63,Law & Politics,'03-01-2018','12-10-2034'
190,'0190',Female,55.0,Barbara,Dostal,2.05,Accounting,'01-12-2015','05-06-2036'
191,'0191',Female,80.0,Andrea,Carswell,1.84,Foreign Languages,'02-04-1990','17-04-2032'
192,'0192',Female,65.0,Lillian,Ealand,1.97,Local Languages,'16-04-2005','20-02-2034'
193,'0193',Female,78.0,Nancy,Davis,1.88,Community Management,'12-08-1992','22-02-2030'
194,'0194',Female,83.0,Pamela,Robinson,1.94,Community Management,'25-03-1987','02-11-2040'
195,'0195',Female,63.0,Edith,Greer,1.75,Foreign Languages,'28-09-2007','04-09-2039'
196,'0196',Female,72.0,Marie,Dean,1.62,Business Administration,'16-02-1998','20-06-2039'
197,'0197',Female,68.0,Geri,Wahba,1.91,Electrical Engineering,'12-11-2002','24-01-2039'
198,'0198',Male,52.0,Henry,Webb,2.04,Accounting,'18-02-2018','26-08-2041'
199,'0199',Female,80.0,Marianne,Pickett,1.62,Business Administration,'25-12-1990','25-10-2033'
200,'0200',Female,74.0,Vanessa,Russell,1.98,Local Languages,'11-08-1996','20-11-2030'
